city,latitude,longitude,metro_id
AU/NSW/Sydney,-33.865,151.209444,AU-SYDNEY
AU/VIC/Melbourne,-37.813611,144.963056,AU-MELBOURNE
AU/WA/Perth,-31.952222,115.858889,AU-PERTH
CA/BC/Richmond,49.166667,-123.133333,CA-VANCOUVER
DE/Frankfurt,50.116667,8.683333,DE-FRANKFURT
DE/Gondorf,49.969444,6.618056,DE-BITBURG
DE/Munich,48.133333,11.566667,DE-MUNICH
DE/Nuremberg,49.45,11.083333,DE-NUREMBERG
FR/Paris,48.8567,2.3508,FR-PARIS
FR/Versailles,48.8053,2.135,FR-PARIS
GB/London,51.507222,-0.1275,
IS/Reykjavík,64.133333,-21.933333,
JP/Tokyo,35.689722,139.692222,
NZ/Auckland,-36.840556,174.74,
NZ/Dunedin,-45.866667,170.5,
NZ/Herbert,-45.233333,170.783333,
NZ/Palmerston,-45.484026,170.715265,
SE/Stockholm,59.329444,18.068611,
US/AL/Birmingham,33.653333,-86.808889,13820
US/AR/Little Rock,34.736111,-92.331111,30780
US/AR/North Little Rock,34.780833,-92.256944,30780
US/AZ/Flagstaff,35.199167,-111.631111,22380
US/AZ/Phoenix,33.45,-112.066667,38060
US/AZ/Scottsdale,33.5,-111.933333,38060
US/AZ/Tucson,32.221667,-110.926389,46060
US/CA/Bakersfield,35.366667,-119.016667,12540
US/CA/Beverly Hills,34.073056,-118.399444,31080
US/CA/Burbank,34.180278,-118.328333,31080
US/CA/Cupertino,37.323056,-122.031944,41940
US/CA/El Segundo,33.921389,-118.406111,31080
US/CA/Fontana,34.1,-117.466667,40140
US/CA/Los Angeles,34.05,-118.25,31080
US/CA/Palmdale,34.581111,-118.100556,31080
US/CA/San Diego,32.715,-117.1625,41740
US/CA/San Jose,37.333333,-121.9,41940
US/CT/Bridgeport,41.186389,-73.195556,14860
US/CT/Stratford,41.204444,-73.129722,14860
US/CO/Centennial,39.590568,-104.869118,19740
US/CO/Colorado Springs,38.833889,-104.825278,17820
US/CO/Denver,39.76185,-104.881105,19740
US/CO/Englewood,39.646505,-104.994001,19740
US/FL/Crestview,30.754167,-86.572778,18880
US/FL/Destin,30.393333,-86.475278,18880
US/FL/Fort Lauderdale,26.133333,-80.15,33100
US/FL/Fort Walton Beach,30.420278,-86.616667,18880
US/FL/Jacksonville,30.336944,-81.661389,27260
US/FL/Key West,24.559722,-81.783611,28580
US/FL/Orange Park,30.168611,-81.708611,27260
US/FL/Orlando,28.54,-81.38,36740
US/FL/Tampa,27.968056,-82.476389,45300
US/FL/Pensacola,30.433333,-87.2,37860
US/GA/Atlanta,33.748889,-84.39,12060
US/GA/Hinesville,31.846667,-81.596389,25980
US/GA/Marietta,33.953333,-84.540556,12060
US/GA/Moody AFB,30.968611,-83.193056,46660
US/GA/Savannah,32.016667,-81.116667,42340
US/GA/Valdosta,30.846667,-83.283056,46660
US/HI/Honolulu,21.3,-157.816667,46520
US/HI/Mililani,21.445833,-158.014167,46520
US/HI/Volcano,19.449722,-155.235556,25900
US/IA/Des Moines,41.590833,-93.620833,19780
US/IL/Champaign,40.115,-88.272778,16580
US/IL/Chicago,41.881944,-87.627778,16980
US/IL/Lombard,41.876111,-88.015,16980
US/IL/Rosemont,41.990833,-87.873889,16980
US/IL/Schaumburg,42.030278,-88.083889,16980
US/IL/Scott AFB,38.533333,-89.866667,41180
US/IL/Tinley Park,41.573889,-87.803889,16980
US/IL/Urbana,40.109665,-88.204247,16580
US/IN/Carmel,39.966667,-86.1,26900
US/IN/Elkhart,41.683056,-85.968889,21140
US/IN/Fort Wayne,41.08045,-85.13915,23060
US/IN/Granger,41.738333,-86.148889,43780
US/IN/Indianapolis,39.768611,-86.158056,26900
US/IN/Lafayette,40.417222,-86.878611,29200
US/IN/Lawrenceburg,39.096111,-84.857778,17140
US/IN/Michigan City,41.709444,-86.886944,33140
US/IN/Mishawaka,41.6675,-86.171389,43780
US/IN/South Bend,41.676389,-86.250278,43780
US/IN/Terre Haute,39.469722,-87.389722,45460
US/KS/Derby,37.5525,-97.261389,48620
US/KS/Junction City,39.0275,-96.840278,31740
US/KS/McConnell AFB,37.623056,-97.267222,48620
US/KS/Mulvane,37.479722,-97.242222,48620
US/KS/Wichita,37.688889,-97.336111,48620
US/KY/Elizabethtown,37.7,-85.866667,21060
US/KY/Florence,38.993333,-84.6425,17140
US/KY/Lexington,38.029722,-84.494722,30460
US/KY/Louisville,38.225333,-85.741667,31140
US/MA/Boston,42.358056,-71.063611,14460
US/ME/Portland,43.666667,-70.266667,38860
US/MI/Port Huron,42.980278,-82.4375,19820
US/MI/Southfield,42.473333,-83.221944,19820
US/MO/Bridgeton,38.757222,-90.417778,41180
US/MO/Maryland Heights,38.719444,-90.4475,41180
US/MO/Richmond Heights,38.628333,-90.328611,41180
US/MO/St. Charles,38.789002,-90.513614,41180
US/MO/St. Louis,38.627222,-90.197778,41180
US/NC/Cary,35.791667,-78.781111,39580
US/NC/Charlotte,35.227222,-80.843056,16740
US/NC/Jacksonville,34.759722,-77.409722,27340
US/NC/Pinehurst,35.195389,-79.468722,38240
US/NC/Raleigh,35.766667,-78.633333,39580
US/NC/Seymour-Johnson AFB,35.341111,-77.966667,24140
US/NC/Whispering Pines,35.255556,-79.370833,38240
US/NH/Portsmouth,43.075556,-70.760556,14460
US/NJ/Elizabeth,40.666261,-74.19353,35620
US/NM/Albuquerque,35.110833,-106.61,10740
US/NM/Kirtland AFB,35.040278,-106.609167,10740
US/NV/Las Vegas,36.175,-115.136389,29780
US/NY/Amherst,42.978333,-78.8,15380
US/NY/Binghamton,42.102222,-75.911667,13780
US/NY/Buffalo,42.904722,-78.849444,15380
US/NY/Lake George,43.424444,-73.715278,24020
US/NY/New York,40.712778,-74.006111,35620
US/NY/Vestal,42.084444,-76.053333,13780
US/OH/Akron,41.073056,-81.517778,10420
US/OH/Beavercreek,39.729444,-84.062222,19430
US/OH/Cincinnati,39.1,-84.516667,17140
US/OH/Cleveland,41.482222,-81.669722,17460
US/OH/Columbus,39.983333,-82.983333,18140
US/OH/Dayton,39.759444,-84.191667,19430
US/OH/Defiance,41.281944,-84.362778,19580
US/OH/Lancaster,39.719297,-82.605293,18140
US/OH/Marietta,39.416667,-81.45,31930
US/OH/Miamisburg,39.638611,-84.275278,19430
US/OH/North Canton,40.875,-81.401111,15940
US/OK/Altus,34.643889,-99.326667,11060
US/OK/Altus AFB,34.666389,-99.268056,11060
US/OK/Broken Arrow,36.036389,-95.783611,46140
US/OK/Lawton,34.604167,-98.395556,30020
US/OK/Oklahoma City,35.482222,-97.535,36420
US/OK/Tulsa,36.131389,-95.937222,46140
US/OR/Portland,45.52,-122.681944,38900
US/PA/Philadelphia,39.952778,-75.163611,37980
US/PA/Pittsburgh,40.439722,-79.976389,38300
US/PR/Carolina,18.406111,-65.967222,41980
US/PR/Fajardo,18.325833,-65.6525,41980
US/RI/Warwick,41.716667,-71.416667,39300
US/SC/Charleston,32.783333,-79.933333,16700
US/SC/Goose Creek,33.0,-80.033333,16700
US/SC/Hilton Head Island,32.178889,-80.743056,25940
US/SC/Isle of Palms,32.79,-79.783889,16700
US/SC/Little River,33.871667,-78.627778,34820
US/SC/Longs,33.938611,-78.733056,34820
US/SC/Mount Pleasant,32.786944,-79.876389,16700
US/SC/Myrtle Beach,33.744075,-78.869475,34820
US/SC/North Charleston,32.885278,-80.016944,16700
US/SC/Sumter,33.926944,-80.363611,44940
US/SD/Rapid City,44.076,-103.228,39660
US/TN/Gatlinburg,35.714167,-83.510278,42940
US/TN/Knoxville,35.9617,-83.9232,28940
US/TN/Nashville,36.166667,-86.783333,34980
US/TN/Pigeon Forge,35.793889,-83.564167,42940
US/TX/Abilene,32.448544,-99.733134,10180
US/TX/Amarillo,35.199167,-101.845278,11100
US/TX/Arlington,32.705,-97.122778,19100
US/TX/Austin,30.266667,-97.733333,12420
US/TX/Bedford,32.846667,-97.139722,19100
US/TX/Dallas,32.779167,-96.808889,19100
US/TX/Fort Worth,32.75,-97.333333,19100
US/TX/Irving,32.816667,-96.95,19100
US/TX/Hurst,32.835556,-97.180278,19100
US/TX/Lubbock,33.577778,-101.89,31180
US/TX/San Antonio,29.416667,-98.5,41700
US/TX/Selma,29.587222,-98.315833,41700
US/TX/Temple,31.166667,-97.566667,28660
US/UT/Herriman,40.506667,-112.030833,41620
US/UT/Layton,41.078056,-111.955278,36260
US/UT/Ogden,41.227778,-111.961111,36260
US/VA/Ashburn,39.043611,-77.4875,47900
US/VA/Hampton,37.034946,-76.360126,47260
US/VA/Sterling,39.006111,-77.428611,47900
US/WA/Bellevue,47.614444,-122.1925,42660
US/WA/Bellingham,48.750278,-122.475,13380
US/WA/Marysville,48.062778,-122.163333,42660
US/WA/Mukilteo,47.916111,-122.303056,42660
US/WA/Renton,47.486667,-122.195278,42660
US/WA/SeaTac,47.441389,-122.293056,42660
US/WA/Seattle,47.609722,-122.333056,42660
US/WA/Tukwila,47.478333,-122.275556,42660
US/WV/Huntington,38.420833,-82.423611,26580
US/WV/Morgantown,39.633611,-79.950556,34060
Overnight Flight/DFW-NRT,54.941111,-156.543889,
Overnight Flight/DFW-SYD,-0.941944,-152.419722,
Overnight Flight/FRA,50.033306,8.570456,DE-FRANKFURT
Overnight Flight/HEL,60.317222,24.963333,FI-HELSINKI
Overnight Flight/LAX,33.942496,-118.408048,31080
Overnight Flight/MUC,48.353783,11.786086,DE-MUNICH
Overnight Flight/ORD,41.974522,-87.906596,16980
Overnight Flight/SYD,-33.946110,151.177222,AU-SYDNEY
Overnight Flight/YYZ,43.676667,-79.630555,CA-TORONTO
